handle,score,status,posts_seen,valuable_posts
"@yamarie0324",25.4,"active",1,1
"@kengoshikagawa",24.4,"active",1,1
"@tadashi_isono",23.8,"active",2,2
"@_masakari",23.4,"active",1,1
"@ankoomori",23.4,"active",1,1
"@event_checker",23.4,"active",1,1
"@kazuyarainbow",23.4,"active",1,1
"@pippu_town",23.4,"active",1,1
"@selion_akitakou",23.4,"active",1,1
"@tomkamoshida",23.4,"active",1,1
"@natsutr_bon",23.325,"trusted",8,8
"@koufukuyac",22.4,"active",1,1
"@stardustkawachi",22.4,"active",1,1
"@hatadatakasi1",20.8,"active",2,2
"@bonkyodora_",20.4,"active",1,1
"@elegelacom",20.4,"active",1,1
"@kontopira",20.4,"active",1,1
"@mau3_141592",20.4,"active",1,1
"@midorimushi54",20.4,"active",1,1
"@mu_novel",20.4,"active",1,1
"@niccori_369",20.4,"active",1,1
"@nyantokonyan",20.4,"active",1,1
"@riverroadf",20.4,"active",1,1
"@shesuno",20.4,"active",1,1
"@shumatsu_y",20.4,"active",1,1
"@streamerpress",20.4,"active",1,1
"@tmyk_tkhs",20.4,"active",1,1
"@yamabon_zaimoku",20.4,"active",1,1
"@kaz0045",20.3,"active",2,2
"@deraobu",19.4,"active",1,1
"@hachinohe_kanko",19.4,"active",1,1
"@handmade_ugo",19.4,"active",1,1
"@kita_cos_",19.4,"active",1,1
"@mila_em",19.4,"active",1,1
"@osamushi18",19.4,"active",1,1
"@sayokai",19.4,"active",1,1
"@subbyhi",19.4,"active",1,1
"@yabanaryu",19.4,"active",1,1
"@tomohikos",18.7,"trusted",4,3
"@chiekoy340822",18.4,"active",1,1
"@eni_eni_2026",18.4,"active",1,1
"@ranranrooo__",18.4,"active",1,1
"@agehabijo",18.3,"active",2,2
"@ringtree221",17.4,"active",1,1
"@elizabe60497572",16.4,"active",1,1
"@hz7tu7f7ud23osv",16.4,"active",1,1
"@imtmynrkrmxy28",16.4,"active",1,1
"@indigo61587878",16.4,"active",1,1
"@iwasaki0426",16.4,"active",1,1
"@marilyn_rei",16.4,"active",1,1
"@mytiarajp",16.4,"active",1,1
"@ookouchi_akira",16.4,"active",1,1
"@shigeoriori",16.4,"active",1,1
"@temari_tmbotan",16.4,"active",1,1
"@tnsn_daaa",16.4,"active",1,1
"@tukishimanagaya",16.4,"active",1,1
"@weaponpeso",16.4,"active",1,1
"@yurubon_off",16.3,"active",2,2
"@8rq1adtujgwz3pm",15.4,"active",1,1
"@_vvarin_",15.4,"active",1,1
"@cigfs2",15.4,"active",1,1
"@daikok555",15.4,"active",1,1
"@ddk121_ygm",15.4,"active",1,1
"@maho830201",15.4,"active",1,1
"@namigorookoku",15.4,"active",1,1
"@ninninmachiko",15.4,"active",1,1
"@tarotoda",15.4,"active",1,1
"@teruhi__rio",15.4,"active",1,1
"@yuzupi14",15.4,"active",1,1
"@ezra_sk",15.3,"active",2,2
"@event_finderjp",14.85,"trusted",4,4
"@hiro_taka28",14.3,"active",2,2
"@osaruna7741",14.3,"active",2,2
"@sakuranoitiniti",14.3,"active",2,2
"@ssqq47356585",13.867,"trusted",3,3
"@dstui_hhr",13.8,"active",2,2
"@wannyantanookan",13.8,"active",2,2
"@stba_bonodori",12.733,"trusted",6,6
"@nyoritael",12.533,"trusted",3,3
"@sasakichi_akiba",12.45,"trusted",8,8
"@anqoo",12.4,"active",1,1
"@jitensha_kogi",12.4,"active",1,1
"@kemippphi",12.4,"active",1,1
"@komaikai",12.4,"trusted",5,5
"@nippon_1chi",12.4,"active",1,1
"@suwayahikari_nu",12.3,"active",2,2
"@mu4324",12.233,"trusted",6,6
"@kitashiro_",11.8,"active",2,2
"@kokoro_odoru_gj",11.8,"active",2,2
"@osaka_orion",11.8,"active",2,2
"@bon__juu",11.7,"trusted",14,8
"@5khfya5pjksggov",11.457,"trusted",14,9
"@634ymusashigma1",11.4,"active",1,1
"@anisondisco",11.4,"active",1,1
"@bodyartslab",11.4,"active",1,1
"@bon0813mkw480",11.4,"active",1,1
"@bonodori_tais",11.4,"active",1,1
"@boss_ouen",11.4,"active",1,1
"@dao_bei59248",11.4,"active",1,1
"@djma_blue",11.4,"active",1,1
"@dotanbatuyoo",11.4,"active",1,1
"@hidedon78",11.4,"active",1,1
"@hjmngs",11.4,"active",1,1
"@kachitomo",11.4,"active",1,1
"@kanademimimi",11.4,"active",1,1
"@kazu_maru_dayo",11.4,"active",1,1
"@kyon_0128pyun",11.4,"active",1,1
"@masa4422196922",11.4,"active",1,1
"@masakiimpulse",11.4,"active",1,1
"@middonaitogaru",11.4,"trusted",5,5
"@mikimurai_push",11.4,"active",1,1
"@mizu516aforreal",11.4,"active",1,1
"@mykatsu7",11.4,"active",1,1
"@no____la_r",11.4,"active",1,1
"@noritetsux",11.4,"active",1,1
"@ppppm_es",11.4,"active",1,1
"@sake_furuki",11.4,"active",1,1
"@t10n1998",11.4,"active",1,1
"@team_sadookesa",11.4,"active",1,1
"@unionworks",11.4,"active",1,1
"@ut_bondanceclub",11.4,"active",1,1
"@yamax314",11.4,"active",1,1
"@yasuharu_artist",11.4,"active",1,1
"@odori2024minato",11.35,"trusted",4,4
"@ypuf82k_3bsb",11.2,"trusted",3,3
"@hideshanbonbon",10.857,"trusted",7,5
"@takasho06130613",10.85,"trusted",4,4
"@hamnyas",10.8,"active",2,2
"@hosyu_3",10.8,"active",2,2
"@tori__106",10.8,"active",2,2
"@uzbhr",10.8,"active",2,2
"@yumiya_pon",10.8,"trusted",5,5
"@pw9skrdcfyjfxfv",10.6,"trusted",10,7
"@rollingasahi",10.6,"trusted",5,5
"@khxgkkz4j6dl2qh",10.533,"trusted",3,3
"@1sakura555",10.4,"active",1,1
"@2jmmzwutleu6t0n",10.4,"active",1,1
"@403989c4ef6e45c",10.4,"active",1,1
"@81masi",10.4,"active",1,1
"@ao0oi_giras0l",10.4,"active",1,1
"@apricotday41200",10.4,"active",1,1
"@bitaminc1216",10.4,"active",1,1
"@buwj90472",10.4,"active",1,1
"@dec_kawasaki",10.4,"active",1,1
"@dororo_28",10.4,"active",1,1
"@f463at",10.4,"active",1,1
"@furuieaiko",10.4,"active",1,1
"@gonzo_tw",10.4,"active",1,1
"@happagaeshi",10.4,"active",1,1
"@happymusic_cas",10.4,"active",1,1
"@haradekao1",10.4,"active",1,1
"@kayoo5726",10.4,"active",1,1
"@koidan0724",10.4,"active",1,1
"@koufukuliner716",10.4,"active",1,1
"@koyatsuji_zyayo",10.4,"active",1,1
"@kureakurea01",10.4,"active",1,1
"@lasagna_tgb",10.4,"active",1,1
"@littlebee_bp",10.4,"active",1,1
"@macotocrazyenka",10.4,"active",1,1
"@madocheeeee",10.4,"active",1,1
"@mariemamanlune1",10.4,"active",1,1
"@maru3manmaru10",10.4,"active",1,1
"@mmt_201323",10.4,"active",1,1
"@nbzpkzgz7ouzexk",10.4,"active",1,1
"@niwabunko",10.4,"active",1,1
"@oksvwu000p30380",10.4,"active",1,1
"@pochuun",10.4,"active",1,1
"@psych_adoco",10.4,"active",1,1
"@rararaiwon_",10.4,"active",1,1
"@s1118rtiine",10.4,"active",1,1
"@sameneko549",10.4,"active",1,1
"@shizuku_harada",10.4,"active",1,1
"@sumika2539",10.4,"active",1,1
"@super_man_desu",10.4,"active",1,1
"@umiumi0530",10.4,"active",1,1
"@unipoyp",10.4,"active",1,1
"@uratyranohoshi",10.4,"active",1,1
"@vnhntlevfykvkry",10.4,"active",1,1
"@wai74",10.4,"active",1,1
"@xuf7tqo87q4jixi",10.4,"active",1,1
"@yandkey",10.4,"active",1,1
"@yes_idol",10.4,"active",1,1
"@ymicwgjj6wv5n1t",10.4,"active",1,1
"@ymymmcho",10.4,"active",1,1
"@yohanne59760234",10.4,"active",1,1
"@yuuma_ku",10.4,"active",1,1
"@zhhirafa",10.4,"active",1,1
"@kame_matsuri",10.3,"active",2,2
"@iid_psv",10.067,"trusted",15,11
"@s_y_singer",9.867,"trusted",3,3
"@niinobon_uta",9.8,"trusted",7,7
"@towa_q",9.8,"active",2,2
"@tsukimoto_info",9.8,"active",2,2
"@ocha_bon",9.667,"trusted",6,5
"@nao55915105",9.4,"active",1,1
"@pawbabys367",9.4,"active",1,1
"@amm_240806",9.3,"active",2,2
"@gokuraku_15",9.3,"active",2,2
"@kazamina",9.3,"active",2,2
"@sed34y",9.3,"active",2,2
"@suwa_3638",9.3,"active",2,2
"@zwillings_haru",9.3,"active",2,2
"@elevator_p",9.2,"trusted",3,3
"@loveydovey5f",9.2,"trusted",3,3
"@m125m8qgyhwuehs",9.2,"trusted",10,6
"@kuma_bot999",8.867,"trusted",3,3
"@hisbow2",8.8,"active",2,2
"@sasurai_3",8.8,"active",2,2
"@taya_no1_v",8.8,"active",2,2
"@abydos_i_nonomi",8.6,"trusted",4,4
"@dakafo10",8.6,"trusted",4,4
"@0kc_tokyo",8.4,"active",1,1
"@0lusina",8.4,"active",1,1
"@0yt2qgtkn2qgria",8.4,"active",1,1
"@1924dada",8.4,"active",1,1
"@5te6ia0nzw6jeyj",8.4,"active",1,1
"@_yoshiharu_i",8.4,"active",1,1
"@adisa382",8.4,"active",1,1
"@akipedia",8.4,"active",1,1
"@anna_rput",8.4,"active",1,1
"@bonbla2009",8.4,"active",1,1
"@burosutananko",8.4,"active",1,1
"@chiachialand",8.4,"active",1,1
"@chris_lap100",8.4,"active",1,1
"@drmemi",8.4,"active",1,1
"@godd_akaei",8.4,"active",1,1
"@griot_sakamoto",8.4,"active",1,1
"@h1na__1132_",8.4,"active",1,1
"@haniwafactory",8.4,"active",1,1
"@harukawa456423",8.4,"active",1,1
"@haughtydog",8.4,"active",1,1
"@hbkdxqrjsklmkk4",8.4,"active",1,1
"@hellopromi",8.4,"active",1,1
"@hhbwota50",8.4,"active",1,1
"@hirokaya312704",8.4,"active",1,1
"@hota__2525",8.4,"active",1,1
"@hyusaka1973",8.4,"active",1,1
"@icewoaisuru_vrc",8.4,"active",1,1
"@ichigomoon1315",8.4,"active",1,1
"@ikumirutaberu",8.4,"active",1,1
"@kachinoishichi",8.4,"active",1,1
"@katosanxkatosan",8.4,"active",1,1
"@kinshichokawac1",8.4,"active",1,1
"@kobepackopener",8.4,"active",1,1
"@koji_usiko21",8.4,"active",1,1
"@koshigayaweb",8.4,"active",1,1
"@kozakanacs5",8.4,"active",1,1
"@kuroshi_03",8.4,"active",1,1
"@lonelystar0",8.4,"active",1,1
"@m0i9h0o5",8.4,"active",1,1
"@maihamaiseo_122",8.4,"active",1,1
"@manamana04115",8.4,"active",1,1
"@marika1928924",8.4,"active",1,1
"@mayoi_truth",8.4,"active",1,1
"@metabo_oyaji",8.4,"active",1,1
"@metarusuzuki",8.4,"active",1,1
"@mh9iq3rz6h9u0vj",8.4,"active",1,1
"@miastyle1688",8.4,"active",1,1
"@mii_tnmr",8.4,"active",1,1
"@mikan00070325",8.4,"active",1,1
"@mozuko00",8.4,"active",1,1
"@mseethelight",8.4,"active",1,1
"@n2icsv0uclmz6wl",8.4,"active",1,1
"@niteyuyo_21056",8.4,"active",1,1
"@nochoconochee",8.4,"active",1,1
"@nsg2026_gsd",8.4,"active",1,1
"@obakaaki",8.4,"active",1,1
"@ootukimusume",8.4,"active",1,1
"@piyopiyoxxxxxx",8.4,"active",1,1
"@ponhr17",8.4,"active",1,1
"@ren_game_s808",8.4,"active",1,1
"@ren_neochi_",8.4,"active",1,1
"@rzfsn7b81g24629",8.4,"active",1,1
"@sammy1477331",8.4,"active",1,1
"@seinankinderg",8.4,"active",1,1
"@shoyunokioku",8.4,"active",1,1
"@soukuusibui",8.4,"active",1,1
"@tasogarecords",8.4,"active",1,1
"@teateseitai",8.4,"active",1,1
"@tosh728",8.4,"active",1,1
"@ukulelesennin",8.4,"active",1,1
"@utabot7",8.4,"active",1,1
"@v9wjbldnvueyob0",8.4,"active",1,1
"@xyz_nokaze_1",8.4,"active",1,1
"@yoko_mirakuru39",8.4,"active",1,1
"@yuzupoon_sub",8.4,"active",1,1
"@f_sadxn",8.3,"active",2,2
"@okn98",8.3,"active",2,2
"@tanpakushitsu06",8.3,"active",2,2
"@25momomomo",7.8,"active",2,2
"@77lunablack77",7.8,"active",2,2
"@bbcf_yanshu",7.8,"active",2,2
"@bon_odorer",7.8,"active",2,2
"@grenade_htn",7.8,"active",2,2
"@gunmaachichi",7.8,"active",2,2
"@gzupbi",7.8,"active",2,2
"@vvknkkswkkvv",7.8,"active",2,2
"@z_yo_to18",7.8,"active",2,2
"@kuzunavi",7.7,"trusted",10,5
"@wadaikoch",7.422,"trusted",9,8
"@01nk08123",7.4,"active",1,1
"@0527kuko",7.4,"active",1,1
"@16dgzte",7.4,"active",1,1
"@1diuqppfsr77773",7.4,"active",1,1
"@1nijflphpx80848",7.4,"active",1,1
"@1ponzu",7.4,"active",1,1
"@2j3eu",7.4,"active",1,1
"@33ytm",7.4,"active",1,1
"@504buddy1090",7.4,"active",1,1
"@5dtbfo3edaba8i0",7.4,"active",1,1
"@6icqpwi6tj86131",7.4,"active",1,1
"@7iris31",7.4,"active",1,1
"@888yamata",7.4,"active",1,1
"@9_hiropon",7.4,"active",1,1
"@9sh18n_",7.4,"active",1,1
"@__3l0msly",7.4,"active",1,1
"@___oimochan_",7.4,"active",1,1
"@_px0u0xq_",7.4,"active",1,1
"@_renaily_",7.4,"active",1,1
"@a0gaerun",7.4,"active",1,1
"@a26mt28",7.4,"active",1,1
"@agom_atm",7.4,"active",1,1
"@aka_no_ragunaru",7.4,"active",1,1
"@akago_3",7.4,"active",1,1
"@akimi0227",7.4,"active",1,1
"@ame_ponkotsu",7.4,"active",1,1
"@ami51187714",7.4,"active",1,1
"@aneno_kanako",7.4,"active",1,1
"@another001",7.4,"active",1,1
"@ariririn5",7.4,"active",1,1
"@asl_s0uta",7.4,"active",1,1
"@at_he_",7.4,"active",1,1
"@babumin_bauo",7.4,"active",1,1
"@baitsa_1217",7.4,"active",1,1
"@banzou7283",7.4,"active",1,1
"@batak0n_cos",7.4,"active",1,1
"@bbbh__y",7.4,"active",1,1
"@be_ko_fu_ku",7.4,"active",1,1
"@bunbinstik",7.4,"active",1,1
"@c_kmzg",7.4,"active",1,1
"@calcutta_bombay",7.4,"active",1,1
"@carbide_crayon",7.4,"active",1,1
"@career_mayu",7.4,"active",1,1
"@celly_cecilia",7.4,"active",1,1
"@chanchan_mammy",7.4,"active",1,1
"@cloudcorvus",7.4,"active",1,1
"@coco_poo801",7.4,"active",1,1
"@concerta_arai",7.4,"active",1,1
"@copi_mameya",7.4,"active",1,1
"@cr05975737",7.4,"active",1,1
"@create_maron",7.4,"active",1,1
"@crossheart_1_",7.4,"active",1,1
"@dessincro_teiki",7.4,"active",1,1
"@djlzr4230",7.4,"active",1,1
"@dqnta2",7.4,"active",1,1
"@eipi_yoon",7.4,"active",1,1
"@eminoemily",7.4,"active",1,1
"@erina_sport",7.4,"active",1,1
"@evssmc25",7.4,"active",1,1
"@ezoohkami1",7.4,"active",1,1
"@f_p88_",7.4,"active",1,1
"@fdclumt7zwcw5qu",7.4,"active",1,1
"@fizzbuzz_",7.4,"active",1,1
"@fudokihani",7.4,"active",1,1
"@furoria_0804",7.4,"active",1,1
"@furyaa_nu",7.4,"active",1,1
"@gakigao_heichou",7.4,"active",1,1
"@gamechanger_m",7.4,"active",1,1
"@gashikashi1567",7.4,"active",1,1
"@gekikara_45",7.4,"active",1,1
"@gekkanjushoku",7.4,"active",1,1
"@genki_takahashi",7.4,"active",1,1
"@gokajago",7.4,"active",1,1
"@gork",7.4,"active",1,1
"@guchi_ovh",7.4,"active",1,1
"@gutti1973",7.4,"active",1,1
"@hachita_78",7.4,"active",1,1
"@happytime1010a",7.4,"active",1,1
"@haru_alf",7.4,"active",1,1
"@harusawasansan",7.4,"active",1,1
"@hhtm_2k",7.4,"active",1,1
"@hikaruxyuka",7.4,"active",1,1
"@hikorow",7.4,"active",1,1
"@hikoukimono",7.4,"active",1,1
"@hirojiyama46529",7.4,"active",1,1
"@hisa910615533",7.4,"active",1,1
"@hiyu_huone",7.4,"active",1,1
"@hotate_gai",7.4,"active",1,1
"@hyper_omochi",7.4,"active",1,1
"@i7qvpl444pppilp",7.4,"active",1,1
"@ice_breaker04",7.4,"active",1,1
"@iidenmania6916",7.4,"active",1,1
"@ijwxhj",7.4,"active",1,1
"@ika_ikaruga",7.4,"active",1,1
"@ikyokuex",7.4,"active",1,1
"@imaimsak",7.4,"active",1,1
"@inoheadcrew_3g",7.4,"active",1,1
"@iql53",7.4,"active",1,1
"@ishijimahideki",7.4,"active",1,1
"@iwapic",7.4,"active",1,1
"@jaga_binchoutan",7.4,"active",1,1
"@jirojirojiro_26",7.4,"active",1,1
"@jlfpikh04w4t4kr",7.4,"active",1,1
"@johnnyonochan",7.4,"active",1,1
"@jojo04411885139",7.4,"active",1,1
"@k5ayhulvh930407",7.4,"active",1,1
"@kag_99",7.4,"active",1,1
"@kaichou48000",7.4,"active",1,1
"@kakubari5426",7.4,"active",1,1
"@kanakusa7fairu",7.4,"active",1,1
"@kaorintype2",7.4,"active",1,1
"@kaoru14499",7.4,"active",1,1
"@kaoru6732",7.4,"active",1,1
"@kasteira014",7.4,"active",1,1
"@keysechi0niiyan",7.4,"active",1,1
"@kf44red",7.4,"active",1,1
"@kiikii710",7.4,"active",1,1
"@kiki_san_panpas",7.4,"active",1,1
"@kikiki__kp",7.4,"active",1,1
"@kinetict6",7.4,"active",1,1
"@kino_qfm5",7.4,"active",1,1
"@kinoko3670",7.4,"active",1,1
"@kira__1806",7.4,"active",1,1
"@kirichanvipvip",7.4,"active",1,1
"@kochirakosomari",7.4,"active",1,1
"@kotatugame",7.4,"active",1,1
"@kotorisha",7.4,"active",1,1
"@kouyan_yutori",7.4,"active",1,1
"@kskscope0718",7.4,"active",1,1
"@kt_bess",7.4,"active",1,1
"@kuroka49093059",7.4,"active",1,1
"@kusobye2forever",7.4,"active",1,1
"@kutsushita_nai2",7.4,"active",1,1
"@l0_mo1",7.4,"active",1,1
"@laugh_gk",7.4,"active",1,1
"@le_messianique",7.4,"active",1,1
"@lsqoo35",7.4,"active",1,1
"@m56677713",7.4,"active",1,1
"@mamimami298",7.4,"active",1,1
"@mao_goddem",7.4,"active",1,1
"@maorindera",7.4,"active",1,1
"@mappoko1",7.4,"active",1,1
"@maru__dai",7.4,"active",1,1
"@marulikeapple1",7.4,"active",1,1
"@masato_c504",7.4,"active",1,1
"@mayumiyoshioka",7.4,"active",1,1
"@melavftm",7.4,"active",1,1
"@meme_mika_meme",7.4,"active",1,1
"@mhm092121",7.4,"active",1,1
"@micoro18",7.4,"active",1,1
"@mikan_1756",7.4,"active",1,1
"@minamimuki_____",7.4,"active",1,1
"@minasanchibaroh",7.4,"active",1,1
"@miracle_donburi",7.4,"active",1,1
"@miyuhosaki",7.4,"active",1,1
"@mkmkdeeedenaide",7.4,"active",1,1
"@mo2246r",7.4,"active",1,1
"@momota186cm_psa",7.4,"active",1,1
"@moon358s",7.4,"active",1,1
"@mtfuji_3667",7.4,"active",1,1
"@murasaki141414",7.4,"active",1,1
"@muscle3456",7.4,"active",1,1
"@myotoo",7.4,"active",1,1
"@naonow_1221",7.4,"active",1,1
"@naru__yuki_cos",7.4,"active",1,1
"@nb_rady",7.4,"active",1,1
"@nekotaro_5",7.4,"active",1,1
"@newjk225",7.4,"active",1,1
"@nichipug",7.4,"active",1,1
"@nika_love86",7.4,"active",1,1
"@niyata2807",7.4,"active",1,1
"@no__no4",7.4,"active",1,1
"@nt_gon",7.4,"active",1,1
"@nu_nu_ac6",7.4,"active",1,1
"@nuumerauumera",7.4,"active",1,1
"@nyam60670864",7.4,"active",1,1
"@nyannyantar",7.4,"active",1,1
"@nyantokonyan_2",7.4,"active",1,1
"@odorururu_com",7.4,"active",1,1
"@ohanaaroma",7.4,"active",1,1
"@okmrtrsb",7.4,"active",1,1
"@omochihand",7.4,"active",1,1
"@otonaninarouyo8",7.4,"active",1,1
"@oxx0409xxo",7.4,"active",1,1
"@oyjl5hluz0dsiu3",7.4,"active",1,1
"@pepekekeko",7.4,"active",1,1
"@photo_hitotoki2",7.4,"active",1,1
"@pitoomiere2222",7.4,"active",1,1
"@pk_none22",7.4,"active",1,1
"@ponyo__1108",7.4,"active",1,1
"@psr861",7.4,"active",1,1
"@puni_2",7.4,"active",1,1
"@qno478",7.4,"active",1,1
"@qtjittan",7.4,"active",1,1
"@ramunesanteam",7.4,"active",1,1
"@reo12345reo",7.4,"active",1,1
"@rion_skrnb",7.4,"active",1,1
"@robekuro",7.4,"active",1,1
"@saisai000ttt",7.4,"active",1,1
"@sakekureman",7.4,"active",1,1
"@salk12042",7.4,"active",1,1
"@san08298947",7.4,"active",1,1
"@san5eit88er",7.4,"active",1,1
"@satsushix",7.4,"active",1,1
"@sena1054799",7.4,"active",1,1
"@sepg1996",7.4,"active",1,1
"@shimaenarr",7.4,"active",1,1
"@shune_shune_pop",7.4,"active",1,1
"@sige78",7.4,"active",1,1
"@silphmania",7.4,"active",1,1
"@sio4534yosi",7.4,"active",1,1
"@sirabano",7.4,"active",1,1
"@six_ff610",7.4,"active",1,1
"@sn___iwadate",7.4,"active",1,1
"@snow666952",7.4,"active",1,1
"@sntn25",7.4,"active",1,1
"@sphere_taketatu",7.4,"active",1,1
"@strong_ichigo",7.4,"active",1,1
"@sumiteume",7.4,"active",1,1
"@surota820",7.4,"active",1,1
"@sutesan_teeki",7.4,"active",1,1
"@sweet_mii4",7.4,"active",1,1
"@t051shi11869",7.4,"active",1,1
"@takatorahyougo",7.4,"active",1,1
"@takosanerisan",7.4,"active",1,1
"@tamotsunarita",7.4,"active",1,1
"@tatsurokashi",7.4,"active",1,1
"@tdo9vk",7.4,"active",1,1
"@techi_baby11",7.4,"active",1,1
"@tis__0818",7.4,"active",1,1
"@tk9ma_",7.4,"active",1,1
"@tmgtttttttt",7.4,"active",1,1
"@tn9415831350045",7.4,"active",1,1
"@to_tax_ij",7.4,"active",1,1
"@tokyosky_634m",7.4,"active",1,1
"@toma0hana",7.4,"active",1,1
"@tomy_zaurus",7.4,"active",1,1
"@totemo_atuiyo",7.4,"active",1,1
"@tritongurashi",7.4,"active",1,1
"@tsuichang00555",7.4,"active",1,1
"@tsukimi1127",7.4,"active",1,1
"@tsunpoblo",7.4,"active",1,1
"@tyak5cs",7.4,"active",1,1
"@udnweappear304",7.4,"active",1,1
"@ugo_vrc",7.4,"active",1,1
"@ul_l7fl",7.4,"active",1,1
"@utsui6123",7.4,"active",1,1
"@wa0ewdwztoq0axj",7.4,"active",1,1
"@wanchan_waffle",7.4,"active",1,1
"@watari_wata",7.4,"active",1,1
"@wilderchicken",7.4,"active",1,1
"@wonder_iso",7.4,"active",1,1
"@xlxax0",7.4,"active",1,1
"@xmaki444230",7.4,"active",1,1
"@ya2786663",7.4,"active",1,1
"@yacan_12",7.4,"active",1,1
"@yamakatu2611",7.4,"active",1,1
"@yamanosirokuma",7.4,"active",1,1
"@yasuguraharuto",7.4,"active",1,1
"@yk5cvb",7.4,"active",1,1
"@yoi_cospre24",7.4,"active",1,1
"@yomogihirachi",7.4,"active",1,1
"@youmake1t",7.4,"active",1,1
"@yqc_decagram610",7.4,"active",1,1
"@yuiogawa0361425",7.4,"active",1,1
"@yuko_jb04",7.4,"active",1,1
"@yuko_runrun616",7.4,"active",1,1
"@yumede0aetane",7.4,"active",1,1
"@yumiko1227",7.4,"active",1,1
"@yuyuyun214",7.4,"active",1,1
"@zatu_nobuon",7.4,"active",1,1
"@zenbu_ore2026",7.4,"active",1,1
"@zeroiuq2",7.4,"active",1,1
"@zxylchqguho6djx",7.4,"active",1,1
"@bondbont",7.178,"trusted",37,26
"@bonodorijapan",6.467,"active",3,2
"@bon_odoroo",6.433,"trusted",6,4
"@mimi33yuyu26na",4.633,"active",6,1
"@mkikkai20",4.4,"active",1,1
"@harebon_odori",4.382,"active",11,5
"@okeeboho",4.3,"active",4,2
"@adfshunsuke2112",3.8,"active",2,1
"@pink_daiamond_",3.571,"active",14,6
"@2tsuo_g",2.247,"active",17,4
"@iwzpxdcccp30jb4",2.029,"active",14,2
"@bababajintou",2.0,"probation",2,0
"@chiaki_h96",1.8,"active",2,1
"@bonusagi123",1.667,"probation",3,0
"@kasumi_1030_",1.0,"probation",1,0
"@mariya_ukonya",1.0,"probation",2,0
"@matsurinokiseki",1.0,"probation",1,0
"@karinchanchanko",-0.6,"probation",2,0
